{"cameraMode":{"drawMode":0,"name":"Shaded","section":"Shading Mode"},"sceneLighting":false,"audioPlay":false,"sceneViewState":{"showFog":true,"showMaterialUpdate":false,"showSkybox":false,"showFlares":true,"showImageEffects":true,"showParticleSystems":true},"in2DMode":false,"pivot":{"x":-0.3790000081062317,"y":0.49107879400253298,"z":1.0579999685287476},"rotation":{"x":-0.4352613091468811,"y":0.17025093734264375,"z":-0.08420643210411072,"w":-0.8800470232963562},"size":1.156856894493103,"orthographic":false}