{"cameraMode":{"drawMode":0,"name":"Shaded","section":"Shading Mode"},"sceneLighting":true,"audioPlay":false,"sceneViewState":{"showFog":true,"showMaterialUpdate":false,"showSkybox":true,"showFlares":true,"showImageEffects":true,"showParticleSystems":true},"in2DMode":false,"pivot":{"x":0.11959125101566315,"y":-0.9499008655548096,"z":2.1381101608276369},"rotation":{"x":-0.33644524216651919,"y":0.0626474991440773,"z":-0.021769320592284204,"w":-0.93958979845047},"size":0.17630702257156373,"orthographic":false}