{"cameraMode":{"drawMode":0,"name":"Shaded","section":"Shading Mode"},"sceneLighting":false,"audioPlay":false,"sceneViewState":{"showFog":true,"showMaterialUpdate":false,"showSkybox":false,"showFlares":true,"showImageEffects":true,"showParticleSystems":true},"in2DMode":false,"pivot":{"x":0.14499999582767487,"y":-1.8969999551773072,"z":2.4749999046325685},"rotation":{"x":0.034943412989377978,"y":-0.6835726499557495,"z":-0.03243296593427658,"w":-0.7284702062606812},"size":0.1707065999507904,"orthographic":false}